rating,count,percentage,name,fill
1,12,12.371134020618557,1 Star,"rgb(255, 0, 0)"
2,10,10.309278350515463,2 Stars,"rgb(170, 85, 0)"
3,12,12.371134020618557,3 Stars,"rgb(85, 170, 0)"
4,63,64.94845360824742,4 Stars,"rgb(0, 255, 0)"